{
  "files": [
    {
      "fileName": "./ref/net6.0/System.Management.Automation.dll",
      "SPDXID": "SPDXRef-File--ref-net6.0-System.Management.Automation.dll-A5E0C1C649C6B29F74AE173AE0E68DC4D2842FFD",
      "checksums": [
        {
          "algorithm": "SHA256",
          "checksumValue": "e1e6db64365ac993a483d2bbbdc1e53c0885591c4cb3780ad644a6d63486d351"
        },
        {
          "algorithm": "SHA1",
          "checksumValue": "a5e0c1c649c6b29f74ae173ae0e68dc4d2842ffd"
        }
      ],
      "licenseConcluded": "NOASSERTION",
      "licenseInfoInFiles": [
        "NOASSERTION"
      ],
      "copyrightText": "NOASSERTION"
    },
    {
      "fileName": "./runtimes/win/lib/net6.0/System.Management.Automation.dll",
      "SPDXID": "SPDXRef-File--runtimes-win-lib-net6.0-System.Management.Automation.dll-05B9D3793F1E707513B19CB40F4D067879B6AAE7",
      "checksums": [
        {
          "algorithm": "SHA256",
          "checksumValue": "c7243e34f67047c949329c714f34e1be2df39a9f7ed60ae65fb7c76eb1a1d704"
        },
        {
          "algorithm": "SHA1",
          "checksumValue": "05b9d3793f1e707513b19cb40f4d067879b6aae7"
        }
      ],
      "licenseConcluded": "NOASSERTION",
      "licenseInfoInFiles": [
        "NOASSERTION"
      ],
      "copyrightText": "NOASSERTION"
    },
    {
      "fileName": "./runtimes/unix/lib/net6.0/System.Management.Automation.dll",
      "SPDXID": "SPDXRef-File--runtimes-unix-lib-net6.0-System.Management.Automation.dll-271722BDB9A636344F31679F4A9AF20C79B7B1C2",
      "checksums": [
        {
          "algorithm": "SHA256",
          "checksumValue": "192d29ad40ec84e776a61f39bfba20725abc757b76566f098420843137a19d20"
        },
        {
          "algorithm": "SHA1",
          "checksumValue": "271722bdb9a636344f31679f4a9af20c79b7b1c2"
        }
      ],
      "licenseConcluded": "NOASSERTION",
      "licenseInfoInFiles": [
        "NOASSERTION"
      ],
      "copyrightText": "NOASSERTION"
    },
    {
      "fileName": "./ref/net6.0/System.Management.Automation.xml",
      "SPDXID": "SPDXRef-File--ref-net6.0-System.Management.Automation.xml-978F08465BC1368D371AA7F5FC1952FF0CC3F713",
      "checksums": [
        {
          "algorithm": "SHA256",
          "checksumValue": "a0cdb28cf366bd982208584c5639c6ac45350753b33f3c24b4c22bc5307656c2"
        },
        {
          "algorithm": "SHA1",
          "checksumValue": "978f08465bc1368d371aa7f5fc1952ff0cc3f713"
        }
      ],
      "licenseConcluded": "NOASSERTION",
      "licenseInfoInFiles": [
        "NOASSERTION"
      ],
      "copyrightText": "NOASSERTION"
    }
  ],
  "packages": [
    {
      "name": "Microsoft.Win32.Registry.AccessControl",
      "SPDXID": "SPDXRef-Package-E6A4300EA97A2C40D46F7C97424D148E91295043873968C54768B9A777912613",
      "downloadLocation": "NOASSERTION",
      "filesAnalyzed": false,
      "licenseConcluded": "NOASSERTION",
      "licenseInfoFromFiles": [
        "NOASSERTION"
      ],
      "licenseDeclared": "NOASSERTION",
      "copyrightText": "NOASSERTION",
      "versionInfo": "6.0.0",
      "externalRefs": [
        {
          "referenceCategory": "PACKAGE_MANAGER",
          "referenceType": "purl",
          "referenceLocator": "pkg:nuget/Microsoft.Win32.Registry.AccessControl%406.0.0"
        }
      ],
      "supplier": "NOASSERTION"
    },
    {
      "name": "System.Text.Encoding.CodePages",
      "SPDXID": "SPDXRef-Package-60EF3A82E80559181B635DD5B93A6CCD579F855D5F7D9E55111127832A01FAF4",
      "downloadLocation": "NOASSERTION",
      "filesAnalyzed": false,
      "licenseConcluded": "NOASSERTION",
      "licenseInfoFromFiles": [
        "NOASSERTION"
      ],
      "licenseDeclared": "NOASSERTION",
      "copyrightText": "NOASSERTION",
      "versionInfo": "6.0.0",
      "externalRefs": [
        {
          "referenceCategory": "PACKAGE_MANAGER",
          "referenceType": "purl",
          "referenceLocator": "pkg:nuget/System.Text.Encoding.CodePages%406.0.0"
        }
      ],
      "supplier": "NOASSERTION"
    },
    {
      "name": "System.Configuration.ConfigurationManager",
      "SPDXID": "SPDXRef-Package-5A81034EC77077BB1F9472AAD57F56E812A344FFEA1CBAA93A3D11EF18BEB8BE",
      "downloadLocation": "NOASSERTION",
      "filesAnalyzed": false,
      "licenseConcluded": "NOASSERTION",
      "licenseInfoFromFiles": [
        "NOASSERTION"
      ],
      "licenseDeclared": "NOASSERTION",
      "copyrightText": "NOASSERTION",
      "versionInfo": "6.0.0",
      "externalRefs": [
        {
          "referenceCategory": "PACKAGE_MANAGER",
          "referenceType": "purl",
          "referenceLocator": "pkg:nuget/System.Configuration.ConfigurationManager%406.0.0"
        }
      ],
      "supplier": "NOASSERTION"
    },
    {
      "name": "System.DirectoryServices",
      "SPDXID": "SPDXRef-Package-AAD903BDED8F0299A98D93C15EBE7FB94DD7845A2595D27DE90F6244C3541068",
      "downloadLocation": "NOASSERTION",
      "filesAnalyzed": false,
      "licenseConcluded": "NOASSERTION",
      "licenseInfoFromFiles": [
        "NOASSERTION"
      ],
      "licenseDeclared": "NOASSERTION",
      "copyrightText": "NOASSERTION",
      "versionInfo": "6.0.0",
      "externalRefs": [
        {
          "referenceCategory": "PACKAGE_MANAGER",
          "referenceType": "purl",
          "referenceLocator": "pkg:nuget/System.DirectoryServices%406.0.0"
        }
      ],
      "supplier": "NOASSERTION"
    },
    {
      "name": "System.Security.Permissions",
      "SPDXID": "SPDXRef-Package-912B04C776374167E8F88EAA2C7702B46BEE2E20E428F4F3242D4DC2DE018FDB",
      "downloadLocation": "NOASSERTION",
      "filesAnalyzed": false,
      "licenseConcluded": "NOASSERTION",
      "licenseInfoFromFiles": [
        "NOASSERTION"
      ],
      "licenseDeclared": "NOASSERTION",
      "copyrightText": "NOASSERTION",
      "versionInfo": "6.0.0",
      "externalRefs": [
        {
          "referenceCategory": "PACKAGE_MANAGER",
          "referenceType": "purl",
          "referenceLocator": "pkg:nuget/System.Security.Permissions%406.0.0"
        }
      ],
      "supplier": "NOASSERTION"
    },
    {
      "name": "System.Security.AccessControl",
      "SPDXID": "SPDXRef-Package-EF13C297E61B73E019C1A470CACA399F9A94CCC334188ECAD593C0A3EDBD01E9",
      "downloadLocation": "NOASSERTION",
      "filesAnalyzed": false,
      "licenseConcluded": "NOASSERTION",
      "licenseInfoFromFiles": [
        "NOASSERTION"
      ],
      "licenseDeclared": "NOASSERTION",
      "copyrightText": "NOASSERTION",
      "versionInfo": "6.0.0",
      "externalRefs": [
        {
          "referenceCategory": "PACKAGE_MANAGER",
          "referenceType": "purl",
          "referenceLocator": "pkg:nuget/System.Security.AccessControl%406.0.0"
        }
      ],
      "supplier": "NOASSERTION"
    },
    {
      "name": "Microsoft.Management.Infrastructure",
      "SPDXID": "SPDXRef-Package-E8B432A0D1ED08F0FA9D2A2CE7D770747B60C2D39A0D181D41BE40778780DDD8",
      "downloadLocation": "NOASSERTION",
      "filesAnalyzed": false,
      "licenseConcluded": "NOASSERTION",
      "licenseInfoFromFiles": [
        "NOASSERTION"
      ],
      "licenseDeclared": "NOASSERTION",
      "copyrightText": "NOASSERTION",
      "versionInfo": "2.0.0",
      "externalRefs": [
        {
          "referenceCategory": "PACKAGE_MANAGER",
          "referenceType": "purl",
          "referenceLocator": "pkg:nuget/Microsoft.Management.Infrastructure%402.0.0"
        }
      ],
      "supplier": "NOASSERTION"
    },
    {
      "name": "System.Runtime.CompilerServices.Unsafe",
      "SPDXID": "SPDXRef-Package-EB772CC504A8C4FCA5B9815577BC4D390EAF4353B4673865636B49AEB9B6414E",
      "downloadLocation": "NOASSERTION",
      "filesAnalyzed": false,
      "licenseConcluded": "NOASSERTION",
      "licenseInfoFromFiles": [
        "NOASSERTION"
      ],
      "licenseDeclared": "NOASSERTION",
      "copyrightText": "NOASSERTION",
      "versionInfo": "6.0.0",
      "externalRefs": [
        {
          "referenceCategory": "PACKAGE_MANAGER",
          "referenceType": "purl",
          "referenceLocator": "pkg:nuget/System.Runtime.CompilerServices.Unsafe%406.0.0"
        }
      ],
      "supplier": "NOASSERTION"
    },
    {
      "name": "System.Security.Cryptography.Pkcs",
      "SPDXID": "SPDXRef-Package-31EDF42FA1D8E328E83E9DB70280B9A6584E27C628C4B9734FE03F85269FDB41",
      "downloadLocation": "NOASSERTION",
      "filesAnalyzed": false,
      "licenseConcluded": "NOASSERTION",
      "licenseInfoFromFiles": [
        "NOASSERTION"
      ],
      "licenseDeclared": "NOASSERTION",
      "copyrightText": "NOASSERTION",
      "versionInfo": "6.0.0",
      "externalRefs": [
        {
          "referenceCategory": "PACKAGE_MANAGER",
          "referenceType": "purl",
          "referenceLocator": "pkg:nuget/System.Security.Cryptography.Pkcs%406.0.0"
        }
      ],
      "supplier": "NOASSERTION"
    },
    {
      "name": "Microsoft.ApplicationInsights",
      "SPDXID": "SPDXRef-Package-94212A3C6AA57D2240E1BB24F3F8760982FD1EE04B75B7AD5EBAE7D8FC32AB1D",
      "downloadLocation": "NOASSERTION",
      "filesAnalyzed": false,
      "licenseConcluded": "NOASSERTION",
      "licenseInfoFromFiles": [
        "NOASSERTION"
      ],
      "licenseDeclared": "NOASSERTION",
      "copyrightText": "NOASSERTION",
      "versionInfo": "2.18.0",
      "externalRefs": [
        {
          "referenceCategory": "PACKAGE_MANAGER",
          "referenceType": "purl",
          "referenceLocator": "pkg:nuget/Microsoft.ApplicationInsights%402.18.0"
        }
      ],
      "supplier": "NOASSERTION"
    },
    {
      "name": "Microsoft.PowerShell.CoreCLR.Eventing",
      "SPDXID": "SPDXRef-Package-18A98BB057331EBA4336D3D43E87709F1683A4570BCB6A046FC5925A12F5276C",
      "downloadLocation": "NOASSERTION",
      "filesAnalyzed": false,
      "licenseConcluded": "NOASSERTION",
      "licenseInfoFromFiles": [
        "NOASSERTION"
      ],
      "licenseDeclared": "NOASSERTION",
      "copyrightText": "NOASSERTION",
      "versionInfo": "7.2.3",
      "externalRefs": [
        {
          "referenceCategory": "PACKAGE_MANAGER",
          "referenceType": "purl",
          "referenceLocator": "pkg:nuget/Microsoft.PowerShell.CoreCLR.Eventing%407.2.3"
        }
      ],
      "supplier": "NOASSERTION"
    },
    {
      "name": "Microsoft.PowerShell.Native",
      "SPDXID": "SPDXRef-Package-A4966774D3681FB45924A7553133B96DB96B6311D11397C5D5E6467C768AEAE8",
      "downloadLocation": "NOASSERTION",
      "filesAnalyzed": false,
      "licenseConcluded": "NOASSERTION",
      "licenseInfoFromFiles": [
        "NOASSERTION"
      ],
      "licenseDeclared": "NOASSERTION",
      "copyrightText": "NOASSERTION",
      "versionInfo": "7.2.0",
      "externalRefs": [
        {
          "referenceCategory": "PACKAGE_MANAGER",
          "referenceType": "purl",
          "referenceLocator": "pkg:nuget/Microsoft.PowerShell.Native%407.2.0"
        }
      ],
      "supplier": "NOASSERTION"
    },
    {
      "name": "System.Management",
      "SPDXID": "SPDXRef-Package-8CC47BF8947038A6907119B0E6B50D4428C18429948E5B1FBF19AE23F22D34CC",
      "downloadLocation": "NOASSERTION",
      "filesAnalyzed": false,
      "licenseConcluded": "NOASSERTION",
      "licenseInfoFromFiles": [
        "NOASSERTION"
      ],
      "licenseDeclared": "NOASSERTION",
      "copyrightText": "NOASSERTION",
      "versionInfo": "6.0.0",
      "externalRefs": [
        {
          "referenceCategory": "PACKAGE_MANAGER",
          "referenceType": "purl",
          "referenceLocator": "pkg:nuget/System.Management%406.0.0"
        }
      ],
      "supplier": "NOASSERTION"
    },
    {
      "name": "Newtonsoft.Json",
      "SPDXID": "SPDXRef-Package-1EA0B2E1B38E40C3C6B7FA9BD9612C2B7522C6B2FFF2F748096E3089E36B67F7",
      "downloadLocation": "NOASSERTION",
      "filesAnalyzed": false,
      "licenseConcluded": "NOASSERTION",
      "licenseInfoFromFiles": [
        "NOASSERTION"
      ],
      "licenseDeclared": "NOASSERTION",
      "copyrightText": "NOASSERTION",
      "versionInfo": "13.0.1",
      "externalRefs": [
        {
          "referenceCategory": "PACKAGE_MANAGER",
          "referenceType": "purl",
          "referenceLocator": "pkg:nuget/Newtonsoft.Json%4013.0.1"
        }
      ],
      "supplier": "NOASSERTION"
    },
    {
      "name": "System.Management.Automation",
      "SPDXID": "SPDXRef-RootPackage",
      "downloadLocation": "NOASSERTION",
      "packageVerificationCode": {
        "packageVerificationCodeValue": "cbc167e8db74ed13d8dc1fa7fdeec38603aa6ba3"
      },
      "filesAnalyzed": true,
      "licenseConcluded": "NOASSERTION",
      "licenseInfoFromFiles": [
        "NOASSERTION"
      ],
      "licenseDeclared": "NOASSERTION",
      "copyrightText": "NOASSERTION",
      "versionInfo": "7.2.3",
      "supplier": "Organization: Microsoft",
      "hasFiles": [
        "SPDXRef-File--ref-net6.0-System.Management.Automation.xml-978F08465BC1368D371AA7F5FC1952FF0CC3F713",
        "SPDXRef-File--runtimes-unix-lib-net6.0-System.Management.Automation.dll-271722BDB9A636344F31679F4A9AF20C79B7B1C2",
        "SPDXRef-File--runtimes-win-lib-net6.0-System.Management.Automation.dll-05B9D3793F1E707513B19CB40F4D067879B6AAE7",
        "SPDXRef-File--ref-net6.0-System.Management.Automation.dll-A5E0C1C649C6B29F74AE173AE0E68DC4D2842FFD"
      ]
    }
  ],
  "externalDocumentRefs": [],
  "relationships": [
    {
      "relationshipType": "DEPENDS_ON",
      "relatedSpdxElement": "SPDXRef-Package-1EA0B2E1B38E40C3C6B7FA9BD9612C2B7522C6B2FFF2F748096E3089E36B67F7",
      "spdxElementId": "SPDXRef-RootPackage"
    },
    {
      "relationshipType": "DEPENDS_ON",
      "relatedSpdxElement": "SPDXRef-Package-8CC47BF8947038A6907119B0E6B50D4428C18429948E5B1FBF19AE23F22D34CC",
      "spdxElementId": "SPDXRef-RootPackage"
    },
    {
      "relationshipType": "DEPENDS_ON",
      "relatedSpdxElement": "SPDXRef-Package-A4966774D3681FB45924A7553133B96DB96B6311D11397C5D5E6467C768AEAE8",
      "spdxElementId": "SPDXRef-RootPackage"
    },
    {
      "relationshipType": "DEPENDS_ON",
      "relatedSpdxElement": "SPDXRef-Package-18A98BB057331EBA4336D3D43E87709F1683A4570BCB6A046FC5925A12F5276C",
      "spdxElementId": "SPDXRef-RootPackage"
    },
    {
      "relationshipType": "DEPENDS_ON",
      "relatedSpdxElement": "SPDXRef-Package-EB772CC504A8C4FCA5B9815577BC4D390EAF4353B4673865636B49AEB9B6414E",
      "spdxElementId": "SPDXRef-RootPackage"
    },
    {
      "relationshipType": "DEPENDS_ON",
      "relatedSpdxElement": "SPDXRef-Package-E8B432A0D1ED08F0FA9D2A2CE7D770747B60C2D39A0D181D41BE40778780DDD8",
      "spdxElementId": "SPDXRef-RootPackage"
    },
    {
      "relationshipType": "DEPENDS_ON",
      "relatedSpdxElement": "SPDXRef-Package-AAD903BDED8F0299A98D93C15EBE7FB94DD7845A2595D27DE90F6244C3541068",
      "spdxElementId": "SPDXRef-RootPackage"
    },
    {
      "relationshipType": "DEPENDS_ON",
      "relatedSpdxElement": "SPDXRef-Package-5A81034EC77077BB1F9472AAD57F56E812A344FFEA1CBAA93A3D11EF18BEB8BE",
      "spdxElementId": "SPDXRef-RootPackage"
    },
    {
      "relationshipType": "DEPENDS_ON",
      "relatedSpdxElement": "SPDXRef-Package-60EF3A82E80559181B635DD5B93A6CCD579F855D5F7D9E55111127832A01FAF4",
      "spdxElementId": "SPDXRef-RootPackage"
    },
    {
      "relationshipType": "DEPENDS_ON",
      "relatedSpdxElement": "SPDXRef-Package-94212A3C6AA57D2240E1BB24F3F8760982FD1EE04B75B7AD5EBAE7D8FC32AB1D",
      "spdxElementId": "SPDXRef-RootPackage"
    },
    {
      "relationshipType": "DEPENDS_ON",
      "relatedSpdxElement": "SPDXRef-Package-31EDF42FA1D8E328E83E9DB70280B9A6584E27C628C4B9734FE03F85269FDB41",
      "spdxElementId": "SPDXRef-RootPackage"
    },
    {
      "relationshipType": "DEPENDS_ON",
      "relatedSpdxElement": "SPDXRef-Package-EF13C297E61B73E019C1A470CACA399F9A94CCC334188ECAD593C0A3EDBD01E9",
      "spdxElementId": "SPDXRef-RootPackage"
    },
    {
      "relationshipType": "DEPENDS_ON",
      "relatedSpdxElement": "SPDXRef-Package-912B04C776374167E8F88EAA2C7702B46BEE2E20E428F4F3242D4DC2DE018FDB",
      "spdxElementId": "SPDXRef-RootPackage"
    },
    {
      "relationshipType": "DEPENDS_ON",
      "relatedSpdxElement": "SPDXRef-Package-E6A4300EA97A2C40D46F7C97424D148E91295043873968C54768B9A777912613",
      "spdxElementId": "SPDXRef-RootPackage"
    },
    {
      "relationshipType": "DESCRIBES",
      "relatedSpdxElement": "SPDXRef-RootPackage",
      "spdxElementId": "SPDXRef-DOCUMENT"
    }
  ],
  "spdxVersion": "SPDX-2.2",
  "dataLicense": "CC0-1.0",
  "SPDXID": "SPDXRef-DOCUMENT",
  "name": "System.Management.Automation 7.2.3",
  "documentNamespace": "https://sbom.microsoft/1:2QSF7qZlbE-F7QrUJlEo7g:pHp_nUFvDUijZ4LrJ4RhoQ/696:257445/System.Management.Automation:7.2.3:zo4374E2zE2Jf1E2REeL8Q",
  "creationInfo": {
    "created": "2022-04-15T21:28:11Z",
    "creators": [
      "Organization: Microsoft",
      "Tool: Microsoft.SBOMTool-2.1.27"
    ]
  },
  "documentDescribes": [
    "SPDXRef-RootPackage"
  ]
}